card_title,card_star_number,card_current_price,card_mrp_price
"Lenovo Ideapad Slim 1 AMD Ryzen 5 5500U 15.6"" (39.62cm) FHD Thin & Light Laptop (8GB/512GB SSD/Windows 11/Office 2021/1Yr Warranty + ADP/Cloud Grey/1.6Kg), 82R400BRIN","1,653","35,999","₹68,990"
"Lenovo IdeaPad Slim 3 Intel Core i7 12th Gen 15.6 inch (39.62cm) FHD Thin & Light Laptop (16GB/512GB SSD/Windows 11/Office 2021/3months Game Pass/Arctic Grey/1.63Kg), 82RK011EIN",438,"62,990","₹82,990"
"ASUS Vivobook 14, Intel Core i3-1115G4 11th Gen, 14"" (35.56 cms) FHD, Thin and Light Laptop (8GB/512GB SSD/Windows 11/Office 2021/Indie Black/1.60 kg), X1400EA-EK323WS",102,"31,990","₹48,990"
"Lenovo IdeaPad Gaming 3 AMD Ryzen 5 5500H 15.6"" (39.62cm) FHD IPS 250nits 60Hz Gaming Laptop (8GB/512GB SSD/Windows 11/NVIDIA RTX 2050 4GB/Alexa/3 Month Game Pass/Onyx Grey/2.32Kg), 82K2028AIN",411,"45,990","₹76,690"
"Lenovo IdeaPad Slim 3 Intel Core i3 12th Gen 15.6"" (39.62cm) FHD Thin & Light Laptop (8GB/512GB SSD/Windows 11/Office 2021/3months Game Pass/Arctic Grey/1.63Kg), 82RK00VTIN",185,"36,990","₹69,190"
"Lenovo IdeaPad Slim 3 12th Gen Intel Core i3 15.6"" (39.6cm) FHD 250 Nits Thin and Light Laptop (8GB/256GB SSD/Windows 11/Office 2021/Alexa Built-in/3 Month Game Pass/Grey/1.62Kg), 82RK00XDIN",41,"30,990","₹50,290"
"ASUS TUF Gaming F15, 15.6""(39.62 cms) FHD 144Hz, Intel Core i7-11800H 11th Gen, 4GB NVIDIA GeForce RTX 3050 Ti, Gaming Laptop (16GB/1TB SSD/Win 11/MSO/90WHrs Battery/Black/2.30 Kg), FX506HE-HN385WS",184,"77,990","₹1,04,990"
"Lenovo Ideapad Slim 1 AMD Ryzen 5 5500U 15.6"" (39.62cm) FHD Thin & Light Laptop (8GB/512GB SSD/Windows 11/Office 2021/1Yr Warranty + ADP/Cloud Grey/1.6Kg), 82R400BRIN","1,653","35,999","₹68,990"
"ASUS BR1100 Laptop, 11.6"" (29.46cm) HD Anti-Glare Display, Intel Celeron N4500, 8GB RAM, 128GB SSD, MIL-STD 810H Durability, Windows 10 Home, Dark Grey, BR1100CKA-GJ0746W",2,"16,490","₹33,990"
"Lenovo IdeaPad Slim 5 Intel Core i5 12450H 16"" (40.6cm) WUXGA+ IPS Laptop (16GB/512GB SSD/Win 11/Office 2021/Backlit KB/FHD Camera/Alexa/3 Month Game Pass/Cloud Grey/1.89Kg), 83BG000PIN",57,"62,190","₹84,290"
"ASUS Vivobook 16 (2023), Intel Core i9-13900H 13th Gen, 16"" (40.64 cm) FHD+, Thin & Light Laptop (16GB/512GB SSD/Intel Iris Xe/Win 11/Office 2021/Backlit KB/Fingerprint/Black/1.88 kg) X1605VA-MB947WS",106,"84,990","₹1,16,990"
"Lenovo IdeaPad Gaming 3 AMD Ryzen 5 6600H 15.6"" (39.62cm) FHD IPS 120Hz Gaming Laptop (16GB/512GB SSD/Win11/Office/NVIDIA RTX 3050 4GB/RGB Keyboard/Alexa/3Month Game Pass/Onyx Grey/2.32Kg), 82SB00V3IN",118,"62,990","₹91,290"
"Lenovo IdeaPad 1 Intel Core Celeron N4020 14"" HD Thin and Light Laptop (8 GB/256GB SDD/Windows 11 Home/1Yr Warranty/Cloud Grey/1.3Kg), 82V6005EIN",2,"24,990","₹35,600"
"Lenovo [Smartchoice] Lenovo Ideapad 3 11Th Gen Intel Core I3 15.6"" Fhd Thin & Light Laptop(8Gb/512Gb Ssd/Windows 11/Office 2021/1Yr Warranty/3Months Xbox Game Pass/Platinum Grey/1.7Kg),81X800N2In",773,"33,890","₹57,290"
"Lenovo IdeaPad Flex 5 Intel Core i5-1235U 14""(35.56cm) WUXGA IPS 2-in-1 Laptop (16GB/512GB SSD/Win 11/Office 2021/Backlit KB/Fingerprint/FHD Camera/Alexa/3 month Game Pass/Storm Grey/1.5Kg),82R700JJIN",46,"65,990","₹78,590"
"Lenovo LOQ 2024 Intel Core i7-14700HX 15.6"" (39.6cm) 144Hz 300Nits FHD Gaming Laptop (16GB/1TB SSD/Win 11/NVDIA RTX 4060 8GB Graphics/100% sRGB/3 Month Game Pass/Luna Grey/2.4Kg), 83DV007FIN",1,"1,22,990","₹1,81,890"
"Lenovo IdeaPad Slim 3 Intel Core i5-12450H 15.6"" (39.6cm) FHD IPS Thin & Light Laptop (16GB/512GB SSD/Win 11/Office 2021/Alexa/Backlit KB/1 Yr Warranty + ADP/3 Month Game Pass/Grey/1.62Kg), 83ER008DIN",383,"54,990","₹77,490"
"Lenovo IdeaPad Slim 3 Intel Core i7 11th Gen 15.6"" (39.62cm) FHD Laptop (16GB/512GB SSD/Win 11/Office 2021/1 Year Warranty/Arctic Grey/1.65Kg), 82H803LPIN",438,"60,190","₹79,690"
"ASUS Vivobook 14, IntelCore i3-1215U 12th Gen, 14"" (35.56 cm) FHD, Thin and Light Laptop (8 GB RAM/512GB SSD/Win11/Office 2021/Fingerprint/42WHr /Silver/1.40 kg), X1404ZA-NK322WS",575,"37,990","₹56,990"
"ASUS Vivobook 16X, AMD Ryzen 7 5800HS, 16"" (40.64 cm) WUXGA, Thin & Light Laptop (16GB/512GB SSD/Integrated Graphics/Windows 11/Office 2021/Backlit/Fingerprint/Silver/1.88 kg), M1603QA-MB742WS","1,088","57,990","₹82,990"
"Lenovo IdeaPad Slim 3 Intel Core i3 12th Gen 15.6 inch (39.62cm) FHD Thin & Light Laptop (8GB/256GB SSD/Windows 11/Office 2021/3months Game Pass/Arctic Grey/1.63Kg), 82RK00WXIN",4,"33,990","₹57,590"
"Lenovo ThinkBook 15 G5 Ryzen 3 15.6"" FHD Antiglare 250 Nits Thin and Light Laptop (8GB RAM/512GB SSD/Windows 11 Home/Fingerprint Reader/Mineral Grey/1 Year Onsite/1.7 kg), 21JF002JIN",80,"33,990","₹58,500"
"Lenovo IdeaPad Slim 5 Ryzen 5 7530U 14"" (35.5cm) WUXGA+ IPS Laptop (16GB/512GB SSD/Win 11/Office 2021/Backlit KB/FHD Camera/Alexa/3 Month Game Pass/Arctic Grey/1.46Kg), 82XE004RIN",12,"59,190","₹86,190"
"(Refurbished) Lenovo ThinkPad 5th Gen Intel Core i5 Thin & Light HD Laptop (8 GB RAM/256 GB SSD/14"" (35.6 cm) HD/Windows 10 Pro/Laptop Cooling Pad/MS Office/WiFi/Webcam/Intel Graphics), Black",5,"15,999","₹89,999"
"ASUS BR1100 Notebook 12 (2022), 11.6-inch HD, Intel Celeron N4500, (4GB RAM/128GB M.2 NVMe™ PCIe®/Integrated Graphics/Windows 11 Home/Star Grey/1.26 Kg), BR1100CKA-GJ0722W",149,"14,490","₹30,990"
"Lenovo ThinkPad E14 AMD Ryzen 5 7530U 14"" (35.56 cm) WUXGA IPS 300 Nits Thin and Light Laptop (16GB RAM/512GB SSD/Windows 11 Home/AMD Radeon Graphics/Backlit Keyboard/FPR/Black/1.41 kg), 21JRS00U00",72,"56,800","₹82,421"
"Lenovo IdeaPad Slim 5 13th Gen Intel Core i7-13620H 14""(35.5cm) WUXGA OLED Laptop (16GB/512GB SSD/Win 11/Office 2021/Backlit KB/FHD Camera/Alexa/3 Month Game Pass/Cloud Grey/1.46Kg), 82XD0040IN",16,"79,990","₹1,27,590"
"ASUS Vivobook Go 14 (2023), AMD Ryzen 3 7320U, 14-inch (35.56 cm) FHD, Thin & Light Laptop (8GB/512GB SSD/Windows 11/Office 2021/Alexa Built-in/Grey Green/1.38 kg), E1404FA-NK323WS",43,"33,990","₹50,990"
"Lenovo IdeaPad 1 AMD Ryzen 5 7520U 15.6"" HD Thin and Light Laptop (8 GB/512GB SDD/Windows 11 Home/1Yr Warranty/Cloud Grey/1.58Kg), 82VG00ESIN",1,"38,990","₹67,690"
"Lenovo IdeaPad Slim 3 Intel Core i5-12450H 15.6"" (39.6cm) FHD IPS Thin & Light Laptop (16GB/512GB SSD/Win 11/Office 2021/Alexa/Backlit KB/1 Yr Warranty + ADP/3 Month Game Pass/Grey/1.62Kg), 83ER008DIN",383,"54,990","₹77,490"
"Lenovo IdeaPad Slim 3 Intel Core i3 11th Gen 15.6"" (39.62cm) FHD Thin & Light Laptop (8GB/512GB SDD/Windows 11/Office 2021/1Yr Warranty/3months Game Pass/Arctic Grey/1.65Kg), 82H803GVIN","1,687","33,990","₹55,490"
"Lenovo IdeaPad Slim 3 Intel Core i3 12th Gen 15.6 inch (39.62cm) FHD Thin & Light Laptop (8GB/256GB SSD/Windows 11/3months Game Pass/Arctic Grey/1.63Kg), 82RK011DIN",4,"31,990","₹47,490"
"ASUS Zenbook 14X OLED, Intel Core i5-12500H 12th Gen, 14"" (35.56 cm) 2.8K 90Hz OLED, Thin and Light Laptop (16GB/512GB/Win11/Office 2021/Fingerprint/Grey/1.4 kg), UX5401ZA-KM541WS",61,"67,990","₹98,990"
"ASUS Vivobook S15 OLED 2022, 15.6"" 39.62 cm FHD OLED, Intel Core EVO i5-12500H 12th Gen, Thin and Light Laptop (16GB/512GB SSD/Iris Xe Graphics/Windows 11/Office 2021/Black/1.8 kg), S3502ZA-L502WS",62,"66,890","₹92,990"
"Lenovo IdeaPad Flex 5 Intel Core i7-1355U 14""(35.5cm) WUXGA+ IPS 2-in-1 Laptop (16GB/512GB SSD/Win 11/Office 2021/Backlit KB/FPR/FHD Camera/Alexa/3 Month Game Pass/Arctic Grey/1.5Kg),82Y00053IN",3,"88,190","₹1,25,790"
"ASUS ROG Flow X13 (2022), 13.4"" (34.03 cm) FHD+ 16:10, 120Hz Touch, Ryzen 9 6900HS, 4GB RTX 3050 Graphics, 2-in-1 Gaming Laptop (16GB/512GB SSD/Windows 11/Office 2021/Black/1.3 Kg), GV301RC-LJ132WS",2,"89,990","₹1,52,990"
"Lenovo IdeaPad Gaming 3 Intel Core i5-11320H 15.6"" (39.62cm) FHD IPS 120Hz Gaming Laptop (16GB/512GB SSD/Win 11/Office 2021/NVIDIA GTX 1650 4GB/Alexa/3 Month Game Pass/Shadow Black/2.25Kg), 82K101LJIN",2,"52,990","₹83,290"
"Lenovo Legion 5 Pro AMD Ryzen 7 5800H 16"" (40.64cm) QHD IPS 165Hz 500Nits Gaming Laptop (32GB/1TB SSD/Win 11/Office 2021/NVIDIA RTX 3070 8GB/Alexa/3 Month Game Pass/Storm Grey/2.45Kg), 82JQ011EIN",99,"1,19,990","₹2,51,890"
"ASUS Vivobook Go 15 OLED (2023), AMD Ryzen 5 7520U, 15.6"" (39.62 cms) FHD OLED, Thin and Light Laptop (16GB/512GB SSD/Windows 11/Office 2021/Backlit KB/Black/1.63 kg), E1504FA-LK545WS",23,"56,622","₹79,990"
"ASUS ROG Strix G16 (2023) 64WHrs Battery, Intel Core i5-13450HX 13th Gen, 16"" FHD+ 165Hz, 6GB RTX 3050, Gaming Laptop (16GB/512GB SSD/Windows 11/Office 2021/4-Zone RGB KB/Gray/2.50 Kg) G614JJ-N3086WS",46,"94,990","₹1,19,990"
"ASUS Vivobook 16X (2022), AMD Ryzen 7 5800Hs, 16"" (40.64 Cms) Fhd+, Thin and Laptop (HDMI/16Gb/512Gb Ssd/Windows 11/Office 2021/Alexa Built-in/Backlit Kb/Fp Sensor/Silver/1.88 Kg), M1603Qa-Mb712Ws",48,"56,890","₹86,990"
"ASUS TUF Gaming F15, 15.6""(39.62 cms) FHD 144Hz, Intel Core i5-11400H 11th Gen, RTX 3050 4GB Graphics, Gaming Laptop (8GB/512GB SSD/90WHrs Battery/Windows 11/Office 2021/Black/2.3 kg) FX506HC-HN089WS",155,"58,990","₹87,990"
"ASUS Vivobook 15, Intel Core i5-1235U 12th Gen, 15.6"" (39.62 cm) FHD, Thin and Light Laptop (8GB RAM/512GB SSD/Windows 11 Home/Office 2021/Backlit Keyboard/Quiet Blue/1.7 kg), X1504ZA-NJ521WS",23,"47,990","₹69,990"
"Lenovo IdeaPad Slim 5 Intel Core i5 13500H 16"" (40.6cm) 2.5K IPS 350Nits Laptop (16GB/1TB SSD/Win 11/Office 2021/Backlit KB/FHD 1080p Camera/Alexa/3 Month Game Pass/Cloud Grey/1.89Kg), 82XF0077IN",13,"75,190","₹1,07,690"
"Lenovo IdeaPad Slim 3 Intel Core i7 11th Gen 15.6"" (39.62cm) FHD Laptop (16GB/512GB SSD/Win 11/Office 2021/1 Year Warranty/Arctic Grey/1.65Kg), 82H803LPIN",438,"60,190","₹79,690"
"Lenovo IdeaPad Flex 5 Intel Core i5-1335U 14""(35.5cm) WUXGA+ IPS 2-in-1 Laptop (16GB/512GB SSD/Win 11/Office 2021/Backlit KB/FPR/FHD Camera/Alexa/3 Month Game Pass/Arctic Grey/1.5Kg), 82Y00051IN",3,"78,190","₹1,09,490"
"Lenovo IdeaPad Flex 5 Intel Core i5-1235U 14""(35.56cm) WUXGA IPS 2-in-1 Laptop (16GB/512GB SSD/Win 11/Office 2021/Backlit KB/Fingerprint/FHD Camera/Alexa/3 month Game Pass/Storm Grey/1.5Kg),82R700JJIN",46,"65,990","₹78,590"
"Lenovo IdeaPad Slim 3 Intel Core i5-12450H 15.6"" (39.6cm) FHD IPS Thin & Light Laptop (16GB/512GB SSD/Win 11/Office 2021/Backlit KB/Alexa Built-in/3 Month Game Pass/Arctic Grey/1.62Kg), 83ER008GIN",245,"54,790","₹75,490"
"ASUS VivoBook 15, Intel Core i3-1115G4 11th Gen, 15.6"" (39.62 cm) FHD, Thin and Light Laptop (8GB/512 SSD/Windows 11/Office 2021/FP Sensor/Transparent Silver/1.8 kg), X1500EA-EJ3379WS",33,"31,390","₹51,990"
"ASUS Vivobook 15, Intel Core i3-1220P 12th Gen, 15.6"" (39.62 cm) FHD, Thin and Laptop (8GB/512GB SSD/Integrated Graphics/Windows 11/Office 2021/Fingerprint/Blue/1.7 kg), X1502ZA-EJ385WS",3,"39,990","₹54,990"
"Lenovo IdeaPad Slim 5 Intel Core i7 13700H 16"" (40.6cm) 2.5K IPS 350Nits Laptop (16GB/1TB SSD/Win 11/Office 2021/Backlit KB/FHD 1080p +IR Camera/Alexa/3 Month Game Pass/Cloud Grey/1.9Kg), 82XF0078IN",12,"87,190","₹1,25,890"
"ASUS Creator Series Vivobook 16X (2023), Intel Core i5-12450H 12th Gen, 16"" (40.64 cm) FHD+, Laptop (8GB/512GB/4GB RTX 2050/Win11/Office 2021/FP/Black/1.8 kg), K3605ZF-MBN523WS",14,"57,990","₹85,990"
"Lenovo Yoga Slim 6 Intel Evo Core i7 13700H 14""(35.5cm) WUXGA OLED 400Nit Laptop (16GB/512GB SSD/Win 11/Office 2021/Backlit KB/1Yr Warranty/Alexa/3 Month Game Pass/Storm Grey/1.35Kg),83E00007IN",18,"93,190","₹1,36,090"
"Lenovo IdeaPad Slim 5 Intel Core i5 13420H 14"" (36cm) WUXGA OLED 400Nits Laptop (16GB/1TB SSD/Win 11/Office 2021/Backlit KB/FHD 1080p Camera/Alexa/3 Month Game Pass/Cloud Grey/1.46Kg), 82XD006GIN",11,"72,190","₹98,290"
"ASUS Creator Series Vivobook 16X 2023, Intel Core i5-13500H 13th Gen, 16.0-inch FHD+ 120Hz, Laptop (16GB/512GB SSD/NVIDIA Geforce RTX 3050 4GB/Win11/FP/Black/1.80 kg),K3605VC-MB541WS",35,"75,990","₹1,10,990"
"ASUS TUF Gaming F15 (2023) 90WHr Battery, Intel Core i7-12700H 12th Gen, 15.6"" FHD 144Hz, 8GB RTX 4060, Gaming Laptop (16GB/512GB SSD/Windows 11//1-Zone RGB/Gray/2.20 Kg), FX507ZV-LP094W",86,"1,09,000","₹1,39,990"
"ASUS TUF Gaming A16 Advantage Edition (2023) 90WHr, Ryzen 9 7940HS AI Powered, 16"" FHD+ 165Hz, 8GB Radeon RX 7600S, Gaming Laptop (16GB/1TB SSD/Win 11/Office 2021/Sandstorm/2.20 Kg) FA617XS-N3026WS",4,"1,19,990","₹1,61,990"
"ASUS Vivobook S15 OLED 2022, 15.6"" 39.62 cm FHD OLED, Intel Core Evo i5-12500H 12th Gen, Thin and Light Laptop (16GB/512GB SSD/Iris Xe Graphics/Windows 11/Office 2021/Black/1.8 kg) K3502ZA-L502WS",489,"69,990","₹98,990"
"(Refurbished) Lenovo V14 G2 ITL/14.0"" /i3-1115G4/4GB /256 GB SSD/Win 11 SL/1M HD Camera/WiFi+BT/No FPR/1 Yr Onsite Warranty + 1 Year ADP/ ﻿82KAA05VIH, Black",1,"23,331","₹32,990"
"Lenovo IdeaPad Gaming 3 AMD Ryzen 5 5500H 15.6"" (39.62cm) FHD IPS 250nits 60Hz Gaming Laptop (8GB/512GB SSD/Windows 11/NVIDIA RTX 2050 4GB/Alexa/3 Month Game Pass/Onyx Grey/2.32Kg), 82K2028AIN",411,"45,990","₹76,690"
"Lenovo IdeaPad Slim 3 12th Gen Intel Core i3 15.6"" (39.6cm) FHD 250 Nits Thin and Light Laptop (8GB/256GB SSD/Windows 11/Office 2021/Alexa Built-in/3 Month Game Pass/Grey/1.62Kg), 82RK00XDIN",41,"30,990","₹50,290"
"Lenovo IdeaPad Slim 3 Intel Core i5-12450H 15.6"" (39.6cm) FHD IPS Thin & Light Laptop (16GB/512GB SSD/Win 11/Office 2021/Backlit KB/Alexa Built-in/3 Month Game Pass/Arctic Grey/1.62Kg), 83ER008GIN",245,"54,790","₹75,490"
"ASUS Vivobook S 15 OLED (2023), Intel Core EVO i5-13500H 13th Gen, 15.6"" (39.62 cm) 2.8K 120Hz OLED, Thin & Light Laptop (16GB/512GB SSD/Windows 11/Office 2021/75WHr/Silver/1.7 kg) S5504VA-MA543WS",66,"83,869","₹1,06,990"
"ASUS Vivobook Pro 15 OLED, AMD Ryzen 7 5800H, 15.6"" (39.6 cm) OLED, Thin & Light Laptop (16GB/1TB SSD/4GB NVIDIA GeForce RTX 3050/Windows 11/Office 2021/Fingerprint/Silver/1.65 kg), M3500QC-L1712WS",51,"75,990","₹1,10,990"
"ASUS Vivobook Pro 15, AMD Ryzen 7 6800HS, 15.6"" (39.62 cm) FHD, Creator Laptop (16 GB RAM/512GB SSD/4GB RTX 3050/Win11//Backlit KB/Fingerprint/Blue/1.80kg), M6500RC-HN741WS",8,"72,990","₹1,04,990"
"ASUS Vivobook 15 (2023), Intel Core i3-1315U 13th Gen, 15.6"" (39.62 cms) FHD, Thin and Light Laptop (8GB/512GB SSD/Windows 11/Office 2021/Fingerprint/Silver/1.7 kg), X1504VA-NJ324WS",82,"42,990","₹57,990"
"Lenovo LOQ 2024 Intel Core i7-14700HX 15.6"" (39.6cm) 144Hz 300Nits FHD Gaming Laptop (16GB/1TB SSD/Win 11/NVDIA RTX 4060 8GB Graphics/100% sRGB/3 Month Game Pass/Luna Grey/2.4Kg), 83DV007FIN",1,"1,22,990","₹1,81,890"
"ASUS Vivobook Go 15 (2023), AMD Ryzen 5 7520U, 15.6"" (39.62 cm) FHD, Thin & Light Laptop (16GB/512GB SSD/Windows 11/Office 2021/Alexa Built-in/Mixed Black/1.63 kg), E1504FA-NJ542WS",71,"51,990","₹67,990"
"Lenovo IdeaPad Slim 5 AMD Ryzen 7 5700U 15.6""(39.62cm) FHD IPS Laptop (16GB/512GB SSD/Win 11/Office 2021/Backlit KB/Fingerprint/HD Camera/3 Month Game Pass/Graphite Grey/1.66Kg), 82LN00JSIN",125,"57,988","₹93,690"
"ASUS TUF Gaming A15 (2023) 90WHr Battery, AMD Ryzen 7 7735HS AI Powered, 15.6"" FHD 144Hz, 6GB RTX 4050, Gaming Laptop (16GB/512GB SSD/Windows 11//1-Zone RGB/Gray/2.20 Kg), FA577NU-LP082W",26,"92,990","₹1,27,990"
"ASUS Vivobook S 15 OLED (2023), Intel Core EVO i7-13700H 13th Gen, 15.6"" (39.62 cm) 2.8K 120Hz OLED, Thin & Light Laptop (16GB/512GB SSD/Iris Xe/Win 11/Office 2021/75WHr/Blue/1.7 kg) S5504VA-MA741WS",1,"1,02,100","₹1,29,990"
"ASUS Vivobook Pro 15, AMD Ryzen 7 5800H, 15.6"" (39.62 cm) FHD, Thin and Light Laptop (16 GB RAM/1TB SSD/4GB RTX 3050/Win11/Office 2021/Backlit/Fingerprint/50WHr /Blue/3.97 kg), M6500QC-HN751WS",1,"73,990","₹1,02,990"
"ASUS Vivobook Pro 15, AMD Ryzen 7 5800H, 15.6""(39.6 cm) HD, Thin & Light Laptop (16GB/512GB SSD/4GB NVIDIA GeForce RTX 3050/Windows 11/Office 2021/Backlit/Fingerprint/Blue/1.80 kg), M6500QC-HN741WS",38,"70,990","₹88,990"
"(Refurbished) Lenovo ThinkPad L380 8th Gen Core i5 Laptop, 16 GB RAM, 512GB SSD , 13.3 inch IPS FULL HD , Windows 11 (Upgraded), MS Office, black",43,"24,999","₹89,999"
"Lenovo IdeaPad Slim 5 Intel Core i5 13500H 16""(40.6cm) WUXGA IPS Laptop (16GB/512GB SSD/Win 11/Office 2021/Backlit KB/FHD Camera/Alexa/3 Month Game Pass/Cloud Grey/1.89Kg), 82XF003GIN",13,"70,190","₹1,05,190"
"Lenovo IdeaPad Gaming 3 AMD Ryzen 5 6600H 15.6"" (39.62cm) FHD IPS 120Hz Gaming Laptop (16GB/512GB SSD/Win11/Office/NVIDIA RTX 3050 4GB/RGB Keyboard/Alexa/3Month Game Pass/Onyx Grey/2.32Kg), 82SB00V3IN",118,"62,990","₹91,290"
"Lenovo IdeaPad Slim 3 Intel Core i3 11th Gen 15.6"" (39.62cm) FHD Thin & Light Laptop (8GB/512GB SDD/Windows 11/Office 2021/1Yr Warranty/3months Game Pass/Arctic Grey/1.65Kg), 82H803GVIN","1,687","33,990","₹55,490"
"Lenovo IdeaPad Flex 5 AMD Ryzen 5 5500U 14"" (35.56cm) WUXGA IPS 2-in-1 Convertible Touchscreen Laptop (16GB/512GB SDD/Win11/Office 2021/Backlit/FPR/3months Game Pass/Storm Grey/1.55Kg), 82R9006DIN",76,"61,990","₹97,890"
"Lenovo Legion Pro 7 Intel Core i9-13900HX 16"" (40.64cm) WQXGA-IPS 240Hz 500Nits Gaming Laptop (32GB/1TB SSD/Win 11/Office 2021/NVIDIA RTX 4080 12GB/Alexa/3 Month Game Pass/Onyx Grey/2.8Kg), 82WQ007TIN",5,"2,98,990","₹4,19,890"
"ASUS ROG Zephyrus G14, 76WHr Battery, AMD Ryzen 7 7735HS, 14"" QHD+ 165Hz/3ms, 6GB RTX 3050, Gaming Laptop (16GB/512GB SSD/Windows 11/Office 2021/1-Zone RGB/Gray/1.65 Kg), GA402NJ-L8094WS",6,"1,40,737","₹1,55,990"
"Lenovo IdeaPad 1 AMD Ryzen 5 7520U 15.6"" HD Thin and Light Laptop (8 GB/512GB SDD/Windows 11 Home/1Yr Warranty/Cloud Grey/1.58Kg), 82VG00ESIN",1,"38,990","₹67,690"
"Lenovo IdeaPad Slim 5 Intel Core i5 11th Gen 15.6"" (39.62cm) FHD IPS Thin & Light Laptop (16GB/512GB SSD/Windows 11/Office 2021/Backlit/FPR/3months Game Pass/Graphite Grey/1.66Kg), 82FG01H9IN",590,"59,999","₹74,999"
"Lenovo ThinkPad E15 Intel Core i3 12th Gen 15.6"" (39.62cm) FHD 250 Nits Thin and Light Laptop (8GB RAM/512GB SSD/Windows 11 Home/FPR/Black/1.7 kg), 21E6S05A00",90,"45,990","₹78,379"
"ASUS VivoBook K15 OLED (2021), 15.6"" (39.62 cms) FHD OLED, Intel Core i3-1115G4 11th Gen, Thin and Light Laptop (8GB/512GB SSD/Integrated Graphics/Office 2021/Windows 11/Silver/1.8 Kg) K513EA-L313WS",239,"39,490","₹62,990"
"Lenovo E41-55 AMD 14-inch HD 220 Nits Antiglare Thin and Light Laptop (AMD Athlon A3150U/4GB RAM/256GB SSD/DOS/Integrated AMD Graphics/Grey/1 Year Onsite/1.59 kg), 82FJ00AGIH",39,"20,690","₹45,990"
"ASUS TUF Gaming F15, 15.6-inch (39.62 cms) FHD 144Hz, Intel Core i5-10300H 10th Gen, 4GB NVIDIA GeForce GTX 1650, Gaming Laptop (8GB/512GB SSD/Windows 11/Office H&S/Black/2.3 Kg), FX506LHB-HN355WS",275,"51,990","₹77,990"
"Lenovo ThinkPad E15 Intel Core i5 12th Gen 15.6"" (39.62cm) FHD 250 Nits Thin and Light Laptop (8GB RAM/512GB SSD/Windows 11 Home/Backlit/FPR/Black/1.7 kg), 21E6S05B00",121,"65,990","₹1,16,718"
"ASUS Vivobook S15 OLED 2022, 15.6"" 39.62 cms FHD OLED, Intel Core Evo i7-12700H 12th Gen, Thin and Light Laptop (16GB/512GB SSD/Iris Xe Graphics/Windows 11/Office 2021/Black/1.8 kg) K3502ZA-L702WS",29,"78,060","₹1,16,990"
"Lenovo IdeaPad Slim 5 Intel Core i5 13420H 14""(35.5cm) WUXGA IPS Laptop (16GB/512GB SSD/Win 11/Office 2021/Backlit KB/FHD Camera/Alexa/3 Month Game Pass/Cloud Grey/1.46Kg), 82XD003NIN",16,"67,190","₹91,790"
"Lenovo Ideapad Gaming 3 AMD Ryzen 5 5600H 15.6"" (39.62cm) FHD IPS Gaming Laptop (8GB/512GB SSD/4GB NVIDIA RTX 3050/120Hz/Win 11/Office 2021/Backlit/3months Game Pass/Shadow Black/2.25Kg), 82K2022VIN",87,"62,790","₹1,00,290"
"Lenovo IdeaPad Slim 3 Intel Core i3 12th Gen 15.6"" (39.62cm) FHD Thin & Light Laptop (8GB/512GB SSD/Windows 11/Office 2021/3months Game Pass/Arctic Grey/1.63Kg), 82RK00VTIN",185,"36,990","₹69,190"
"Lenovo IdeaPad Slim 5 Intel Core i5 12450H 16"" (40.6cm) WUXGA+ IPS Laptop (16GB/512GB SSD/Win 11/Office 2021/Backlit KB/FHD Camera/Alexa/3 Month Game Pass/Cloud Grey/1.89Kg), 83BG000PIN",57,"62,190","₹84,290"
"Lenovo IdeaPad Flex 5 Ryzen 5 7530U 14"" (35.5cm) WUXGA+ IPS 2-in-1 Laptop (16GB/512GB SSD/Win 11/Office 2021/Backlit KB/Fingerprint/FHD Camera/Alexa/3 Month Game Pass/Arctic Grey/1.55Kg), 82XX007KIN",13,"62,990","₹93,190"
"ASUS Vivobook Go 15 (OLED) 2023, AMD Ryzen 5 7520U, 15.6"" (39.62 cm) FHD OLED, Thin & Light Laptop (16GB/512GB SSD/Windows 11/Office 2021/Alexa Built-in/Backlit KB/Silver/1.63 kg), E1504FA-LK541WS",23,"56,990","₹79,990"
"ASUS Vivobook 15 OLED (2023), Intel Core i5-13500H 13th Gen, 15.6"" (39.62 cm) FHD OLED, Thin & Light Laptop (16GB/512GB SSD/Intel Iris Xᵉ/Win 11/Office 2021/Backlit KB/Black/1.7 kg), X1505VA-LK541WS",13,"67,990","₹92,990"
"Lenovo V15 AMD Ryzen 3 7320U 15.6"" (39.62cm) FHD 250 Nits Antiglare Thin and Light Laptop (8GB/512GB SSD/DOS/Arctic Grey/1.65 Kg), 82YU00W6IN",3,"27,990","₹54,000"
"ASUS Zenbook 14 Flip OLED (2023), Intel Core EVO i5-1340P 13th Gen, 14"" (35.56 cm) 2.8K 90Hz OLED, Thin & Light Laptop (16GB/512GB SSD/Windows 11/Office 2021/75WHr/Silver/1.5 kg) UP3404VA-KN543WS",6,"99,990","₹1,34,990"
"ASUS Zenbook S 13 OLED (2023), 1kg Weight & 1cm Thin, Intel Core EVO i5 13th Gen, 13.3 Inch 2.8K OLED, Thin & Light Laptop (16GB/512GB SSD/Iris Xe/Win 11/Office 2021/63WHrs/Blue), UX5304VA-NQ541WS",2,"95,990","₹1,28,990"
"ASUS Vivobook 15, IntelCore i3-1215U 12th Gen, 15.6"" (39.62 cm) FHD, Thin and Light Laptop (8 GB RAM/512GB SSD/Win11/Office 2021/Backlit/42WHr/1.70/Blue), X1504ZA-NJ326WS",16,"37,990","₹54,990"
"Lenovo IdeaPad Slim 3 Intel Core i3 12th Gen 15.6 inch (39.62cm) FHD Thin & Light Laptop (8GB/256GB SSD/Windows 11/Office 2021/3months Game Pass/Arctic Grey/1.63Kg), 82RK00WXIN",4,"33,990","₹57,590"
